{
  "os": "user_08931e07user_08931e07user_08931e07",
  "python": "user_95cd5135 2024-01-01T00:00:00Z",
  "started_at": "2024-01-01T00:00:00Z",
  "args": [
    "--study",
    "user_61764903",
    "--task",
    "a5243ca8",
    "--split_dir",
    "user_67e73ba2",
    "--which_splits",
    "5foldcv",
    "--type_of_path",
    "user_3e5e7339",
    "--modality",
    "user_dd4cbdc2",
    "--data_root_dir",
    "/anonymized/path_317b5c89",
    "--label_file",
    "user_4181cc2c/anonymized/path_3ff15da8",
    "--omics_dir",
    "user_0bcdc92e/anonymized/path_f6a6a31c",
    "--results_dir",
    "user_39e0cf1anew_ours_spl_on_censored_only_n_classes_8_lr_0.0001_mil_ABMIL_geno_SNN_seed_0_ctrl_points_8_proto_bezier_gmm_abl1_ibgOFF_ibpOFF_spOFF",
    "--batch_size",
    "1",
    "--lr",
    "0.0001",
    "--opt",
    "Person_f6d804df",
    "--reg",
    "0.0001",
    "--alpha_surv",
    "0.5",
    "--max_epochs",
    "100",
    "--encoding_dim",
    "1024",
    "--early_stop_patience",
    "35",
    "--label_col",
    "user_fe92775a",
    "--k",
    "5",
    "--bag_loss",
    "user_50eb37ec",
    "--n_classes",
    "8",
    "--num_patches",
    "4096",
    "--wsi_projection_dim",
    "256",
    "--fusion",
    "user_d14dbbdc",
    "--warmup_epochs",
    "50",
    "--use_align_loss",
    "--use_sim_loss",
    "--use_self_paced_ablation",
    "--use_self_paced",
    "--test_all_modalities",
    "--n_ctrl_points",
    "8",
    "--mil_model_type",
    "user_edf49c40",
    "--geno_mlp_type",
    "user_1252a9f9",
    "--prototype_mode",
    "user_be5e30d2",
    "--seed",
    "0",
    "--use_mean_in_testing",
    "--use_wandb",
    "--k_start",
    "1",
    "--k_end",
    "2"
  ],
  "program": "/anonymized/path_6ecc7cf2",
  "code_path": "main_bezier_20250729_https://example.com/repo_4d2163b4",
  "code_path_local": "main_bezier_20250729_https://example.com/repo_4d2163b4",
  "root": "/anonymized/path_862986d1",
  "host": "user_810e4306",
  "executable": "/anonymized/path_461185fb",
  "cpu_count": 56,
  "cpu_count_logical": 112,
  "gpu_type": "user_a486bdec",
  "gpu_count": 15,
  "disk": {
    "/": {
      "total": "anon_us_driver_license_ea422f39",
      "used": "anon_us_driver_license_59aa0987"
    }
  },
  "memory": {
    "total": "anon_us_driver_license_f871259a"
  },
  "gpu_nvidia": [
    {
      "name": "user_a486bdec",
      "memory_total": "anon_us_driver_license_d70cf5e3",
      "cuda_cores": 5120,
      "architecture": "user_8e715721",
      "uuid": "Person_27359af9"
    },
    {
      "name": "user_a486bdec",
      "memory_total": "anon_us_driver_license_d70cf5e3",
      "cuda_cores": 5120,
      "architecture": "user_8e715721",
      "uuid": "user_30c2aa99user_30c2aa997c5f0a97500c"
    },
    {
      "name": "user_a486bdec",
      "memory_total": "anon_us_driver_license_d70cf5e3",
      "cuda_cores": 5120,
      "architecture": "user_8e715721",
      "uuid": "user_c4e252dauser_c4e252dauser_c4e252da"
    },
    {
      "name": "user_a486bdec",
      "memory_total": "anon_us_driver_license_d70cf5e3",
      "cuda_cores": 5120,
      "architecture": "user_8e715721",
      "uuid": "user_f2330dc14abd-7510-70d1c2177fbc"
    },
    {
      "name": "user_a486bdec",
      "memory_total": "anon_us_driver_license_d70cf5e3",
      "cuda_cores": 5120,
      "architecture": "user_8e715721",
      "uuid": "user_20e5a8970257-user_20e5a897"
    },
    {
      "name": "user_a486bdec",
      "memory_total": "anon_us_driver_license_d70cf5e3",
      "cuda_cores": 5120,
      "architecture": "user_8e715721",
      "uuid": "user_c0a10f66user_c0a10f66user_c0a10f66"
    },
    {
      "name": "user_a486bdec",
      "memory_total": "anon_us_driver_license_d70cf5e3",
      "cuda_cores": 5120,
      "architecture": "user_8e715721",
      "uuid": "user_0c3fa0eauser_0c3fa0ea185de4c0debe"
    },
    {
      "name": "user_a486bdec",
      "memory_total": "anon_us_driver_license_d70cf5e3",
      "cuda_cores": 5120,
      "architecture": "user_8e715721",
      "uuid": "user_324a973861a2-user_324a9738"
    },
    {
      "name": "user_a486bdec",
      "memory_total": "anon_us_driver_license_d70cf5e3",
      "cuda_cores": 5120,
      "architecture": "user_8e715721",
      "uuid": "user_fdb643d99f5e-user_fdb643d9"
    },
    {
      "name": "user_a486bdec",
      "memory_total": "anon_us_driver_license_d70cf5e3",
      "cuda_cores": 5120,
      "architecture": "user_8e715721",
      "uuid": "user_09d8b88c00cc-user_09d8b88c"
    },
    {
      "name": "user_a486bdec",
      "memory_total": "anon_us_driver_license_d70cf5e3",
      "cuda_cores": 5120,
      "architecture": "user_8e715721",
      "uuid": "user_e1dd550979de-0c03-8f15fb4d9e48"
    },
    {
      "name": "user_a486bdec",
      "memory_total": "anon_us_driver_license_d70cf5e3",
      "cuda_cores": 5120,
      "architecture": "user_8e715721",
      "uuid": "user_2be01a53user_2be01a53user_2be01a53"
    },
    {
      "name": "user_a486bdec",
      "memory_total": "anon_us_driver_license_d70cf5e3",
      "cuda_cores": 5120,
      "architecture": "user_8e715721",
      "uuid": "user_6dd77305user_6dd77305user_6dd77305"
    },
    {
      "name": "user_a486bdec",
      "memory_total": "anon_us_driver_license_d70cf5e3",
      "cuda_cores": 5120,
      "architecture": "user_8e715721",
      "uuid": "user_97974c34user_97974c343ca4ccfb766b"
    },
    {
      "name": "user_a486bdec",
      "memory_total": "anon_us_driver_license_d70cf5e3",
      "cuda_cores": 5120,
      "architecture": "user_8e715721",
      "uuid": "user_8bb9b40c3c21-user_8bb9b40c"
    }
  ],
  "cuda_version": "12.2",
  "writer_id": "sk-0744aed8xxxxxxxxxxxxxxxxxxxxx"
}